{
    "name": "root",
    "gauges": {
        "Enemy.Policy.Entropy.mean": {
            "value": 3.983416795730591,
            "min": 3.983416795730591,
            "max": 3.983416795730591,
            "count": 1
        },
        "Enemy.Policy.ExtrinsicValueEstimate.mean": {
            "value": 0.736685574054718,
            "min": 0.736685574054718,
            "max": 0.736685574054718,
            "count": 1
        },
        "Enemy.Environment.EpisodeLength.mean": {
            "value": 999.0,
            "min": 999.0,
            "max": 999.0,
            "count": 1
        },
        "Enemy.Environment.CumulativeReward.mean": {
            "value": -8.166666948133045,
            "min": -8.166666948133045,
            "max": -8.166666948133045,
            "count": 1
        },
        "Enemy.Policy.ExtrinsicReward.mean": {
            "value": -8.166666948133045,
            "min": -8.166666948133045,
            "max": -8.166666948133045,
            "count": 1
        },
        "Enemy.IsTraining.mean": {
            "value": 1.0,
            "min": 1.0,
            "max": 1.0,
            "count": 1
        }
    },
    "metadata": {
        "timer_format_version": "0.1.0",
        "start_time_seconds": "1641248242",
        "python_version": "3.7.11 (default, Jul 27 2021, 09:42:29) [MSC v.1916 64 bit (AMD64)]",
        "command_line_arguments": "E:\\anakonda\\envs\\ml-agents-1.0.8\\Scripts\\mlagents-learn ./new_trainer_config.yaml --run-id KM_08",
        "mlagents_version": "0.20.0",
        "mlagents_envs_version": "0.20.0",
        "communication_protocol_version": "1.1.0",
        "tensorflow_version": "2.7.0",
        "numpy_version": "1.18.5",
        "end_time_seconds": "1641248354"
    },
    "total": 111.84916489999999,
    "count": 1,
    "self": 0.007063899999991463,
    "children": {
        "run_training.setup": {
            "total": 0.05941479999999988,
            "count": 1,
            "self": 0.05941479999999988
        },
        "TrainerController.start_learning": {
            "total": 111.7826862,
            "count": 1,
            "self": 0.3042959999995247,
            "children": {
                "TrainerController._reset_env": {
                    "total": 11.4319676,
                    "count": 1,
                    "self": 11.4319676
                },
                "TrainerController.advance": {
                    "total": 98.51436400000048,
                    "count": 11633,
                    "self": 0.1551605000016849,
                    "children": {
                        "env_step": {
                            "total": 98.3592034999988,
                            "count": 11633,
                            "self": 87.81240679999833,
                            "children": {
                                "SubprocessEnvManager._take_step": {
                                    "total": 10.402932900000579,
                                    "count": 11633,
                                    "self": 0.27657710000077707,
                                    "children": {
                                        "TFPolicy.evaluate": {
                                            "total": 10.126355799999802,
                                            "count": 11633,
                                            "self": 10.126355799999802
                                        }
                                    }
                                },
                                "workers": {
                                    "total": 0.14386379999989352,
                                    "count": 11632,
                                    "self": 0.0,
                                    "children": {
                                        "worker_root": {
                                            "total": 100.37300169999986,
                                            "count": 11632,
                                            "is_parallel": true,
                                            "self": 23.21993250000031,
                                            "children": {
                                                "steps_from_proto": {
                                                    "total": 0.0004115000000002311,
                                                    "count": 1,
                                                    "is_parallel": true,
                                                    "self": 0.0001562000000028263,
                                                    "children": {
                                                        "_process_vector_observation": {
                                                            "total": 0.0002552999999974048,
                                                            "count": 4,
                                                            "is_parallel": true,
                                                            "self": 0.0002552999999974048
                                                        }
                                                    }
                                                },
                                                "UnityEnvironment.step": {
                                                    "total": 77.15265769999955,
                                                    "count": 11632,
                                                    "is_parallel": true,
                                                    "self": 1.0751278999986909,
                                                    "children": {
                                                        "UnityEnvironment._generate_step_input": {
                                                            "total": 0.6475309000008611,
                                                            "count": 11632,
                                                            "is_parallel": true,
                                                            "self": 0.6475309000008611
                                                        },
                                                        "communicator.exchange": {
                                                            "total": 71.36131779999995,
                                                            "count": 11632,
                                                            "is_parallel": true,
                                                            "self": 71.36131779999995
                                                        },
                                                        "steps_from_proto": {
                                                            "total": 4.068681100000047,
                                                            "count": 11632,
                                                            "is_parallel": true,
                                                            "self": 1.74318290000204,
                                                            "children": {
                                                                "_process_vector_observation": {
                                                                    "total": 2.325498199998007,
                                                                    "count": 46528,
                                                                    "is_parallel": true,