{
    "name": "root",
    "metadata": {
        "timer_format_version": "0.1.0",
        "start_time_seconds": "1641297151",
        "python_version": "3.7.11 (default, Jul 27 2021, 09:42:29) [MSC v.1916 64 bit (AMD64)]",
        "command_line_arguments": "E:\\anakonda\\envs\\ml-agents-1.0.8\\Scripts\\mlagents-learn ./Config/new_trainer_config.yaml --run-id KM_21",
        "mlagents_version": "0.20.0",
        "mlagents_envs_version": "0.20.0",
        "communication_protocol_version": "1.1.0",
        "tensorflow_version": "2.7.0",
        "numpy_version": "1.18.5",
        "end_time_seconds": "1641297229"
    },
    "total": 78.26153289999999,
    "count": 1,
    "self": 0.00840270000000487,
    "children": {
        "run_training.setup": {
            "total": 0.010161499999999712,
            "count": 1,
            "self": 0.010161499999999712
        },
        "TrainerController.start_learning": {
            "total": 78.24296869999999,
            "count": 1,
            "self": 0.17249650000049144,
            "children": {
                "TrainerController._reset_env": {
                    "total": 24.125968,
                    "count": 1,
                    "self": 14.849750099999998,
                    "children": {
                        "demo_to_buffer": {
                            "total": 9.276217900000002,
                            "count": 2,
                            "self": 0.02322110000000066,
                            "children": {
                                "load_demonstration": {
                                    "total": 0.10963819999999913,
                                    "count": 2,
                                    "self": 0.09884290000000107,
                                    "children": {
                                        "read_file": {
                                            "total": 0.010795299999998065,
                                            "count": 2,
                                            "self": 0.010795299999998065
                                        }
                                    }
                                },
                                "make_demo_buffer": {
                                    "total": 9.143358600000003,
                                    "count": 2,
                                    "self": 1.3465518000001637,
                                    "children": {
                                        "steps_from_proto": {
                                            "total": 7.796806799999839,
                                            "count": 34444,
                                            "self": 2.18880339999966,
                                            "children": {
                                                "_process_vector_observation": {
                                                    "total": 5.608003400000179,
                                                    "count": 206664,
                                                    "self": 5.608003400000179
                                                }
                                            }
                                        }
                                    }
                                }
                            }
                        }
                    }
                },
                "TrainerController.advance": {
                    "total": 52.88542159999948,
                    "count": 7281,
                    "self": 0.08864639999966784,
                    "children": {
                        "env_step": {
                            "total": 52.796775199999814,
                            "count": 7281,
                            "self": 48.345098199999754,
                            "children": {
                                "SubprocessEnvManager._take_step": {
                                    "total": 4.367934699999989,
                                    "count": 7281,
                                    "self": 0.15389579999962066,
                                    "children": {
                                        "TFPolicy.evaluate": {
                                            "total": 4.214038900000368,
                                            "count": 7281,
                                            "self": 4.214038900000368
                                        }
                                    }
                                },
                                "workers": {
                                    "total": 0.08374230000007543,
                                    "count": 7280,
                                    "self": 0.0,
                                    "children": {
                                        "worker_root": {
                                            "total": 64.04843269999984,
                                            "count": 7280,
                                            "is_parallel": true,
                                            "self": 21.542293399999537,
                                            "children": {
                                                "steps_from_proto": {
                                                    "total": 0.00038330000000108555,
                                                    "count": 1,
                                                    "is_parallel": true,
                                                    "self": 8.990000000075327e-05,
                                                    "children": {
                                                        "_process_vector_observation": {
                                                            "total": 0.0002934000000003323,
                                                            "count": 6,
                                                            "is_parallel": true,
                                                            "self": 0.0002934000000003323
                                                        }
                                                    }
                                                },
                                                "UnityEnvironment.step": {
                                                    "total": 42.5057560000003,
                                                    "count": 7280,
                                                    "is_parallel": true,
                                                    "self": 0.6072388000005304,
                                                    "children": {
                                                        "UnityEnvironment._generate_step_input": {
                                                            "total": 0.3476581999994721,
                                                            "count": 7280,
                                                            "is_parallel": true,
                                                            "self": 0.3476581999994721
                                                        },
                                                        "communicator.exchange": {
                                                            "total": 39.24004010000017,
                                                            "count": 7280,
                                                            "is_parallel": true,
                                                            "self": 39.24004010000017
                                                        },
                                                        "steps_from_proto": {
                                                            "total": 2.310818900000122,
                                                            "count": 7280,
                                                            "is_parallel": true,
                                                            "self": 0.6508789999977544,