{
    "name": "root",
    "metadata": {
        "timer_format_version": "0.1.0",
        "start_time_seconds": "1641297073",
        "python_version": "3.7.11 (default, Jul 27 2021, 09:42:29) [MSC v.1916 64 bit (AMD64)]",
        "command_line_arguments": "E:\\anakonda\\envs\\ml-agents-1.0.8\\Scripts\\mlagents-learn ./Config/new_trainer_config.yaml --run-id KM_20",
        "mlagents_version": "0.20.0",
        "mlagents_envs_version": "0.20.0",
        "communication_protocol_version": "1.1.0",
        "tensorflow_version": "2.7.0",
        "numpy_version": "1.18.5",
        "end_time_seconds": "1641297133"
    },
    "total": 60.2512948,
    "count": 1,
    "self": 0.00833149999999705,
    "children": {
        "run_training.setup": {
            "total": 0.011533700000000202,
            "count": 1,
            "self": 0.011533700000000202
        },
        "TrainerController.start_learning": {
            "total": 60.2314296,
            "count": 1,
            "self": 0.107388499999999,
            "children": {
                "TrainerController._reset_env": {
                    "total": 27.7208415,
                    "count": 1,
                    "self": 18.724185199999997,
                    "children": {
                        "demo_to_buffer": {
                            "total": 8.996656300000001,
                            "count": 2,
                            "self": 0.02264750000000504,
                            "children": {
                                "load_demonstration": {
                                    "total": 0.11330529999999683,
                                    "count": 2,
                                    "self": 0.10120109999999372,
                                    "children": {
                                        "read_file": {
                                            "total": 0.012104200000003118,
                                            "count": 2,
                                            "self": 0.012104200000003118
                                        }
                                    }
                                },
                                "make_demo_buffer": {
                                    "total": 8.8607035,
                                    "count": 2,
                                    "self": 1.3041087000000289,
                                    "children": {
                                        "steps_from_proto": {
                                            "total": 7.556594799999971,
                                            "count": 34444,
                                            "self": 2.0701231999999585,
                                            "children": {
                                                "_process_vector_observation": {
                                                    "total": 5.486471600000012,
                                                    "count": 206664,
                                                    "self": 5.486471600000012
                                                }
                                            }
                                        }
                                    }
                                }
                            }
                        }
                    }
                },
                "TrainerController.advance": {
                    "total": 31.1465367,
                    "count": 3984,
                    "self": 0.04845569999991994,
                    "children": {
                        "env_step": {
                            "total": 31.09808100000008,
                            "count": 3984,
                            "self": 28.575924899999936,
                            "children": {
                                "SubprocessEnvManager._take_step": {
                                    "total": 2.4760180999999797,
                                    "count": 3984,
                                    "self": 0.0801539000001128,
                                    "children": {
                                        "TFPolicy.evaluate": {
                                            "total": 2.395864199999867,
                                            "count": 3984,
                                            "self": 2.395864199999867
                                        }
                                    }
                                },
                                "workers": {
                                    "total": 0.04613800000016255,
                                    "count": 3983,
                                    "self": 0.0,
                                    "children": {
                                        "worker_root": {
                                            "total": 41.954053500000164,
                                            "count": 3983,
                                            "is_parallel": true,
                                            "self": 16.61955510000005,
                                            "children": {
                                                "steps_from_proto": {
                                                    "total": 0.00037659999999917204,
                                                    "count": 1,
                                                    "is_parallel": true,
                                                    "self": 8.990000000252962e-05,
                                                    "children": {
                                                        "_process_vector_observation": {
                                                            "total": 0.0002866999999966424,
                                                            "count": 6,
                                                            "is_parallel": true,
                                                            "self": 0.0002866999999966424
                                                        }
                                                    }
                                                },
                                                "UnityEnvironment.step": {
                                                    "total": 25.334121800000116,
                                                    "count": 3983,
                                                    "is_parallel": true,
                                                    "self": 0.3372104,
                                                    "children": {
                                                        "UnityEnvironment._generate_step_input": {
                                                            "total": 0.1912183000002301,
                                                            "count": 3983,
                                                            "is_parallel": true,
                                                            "self": 0.1912183000002301
                                                        },
                                                        "communicator.exchange": {
                                                            "total": 23.53743329999988,
                                                            "count": 3983,
                                                            "is_parallel": true,
                                                            "self": 23.53743329999988
                                                        },
                                                        "steps_from_proto": {
                                                            "total": 1.2682598000000063,
                                                            "count": 3983,
                                                            "is_parallel": true,
                                                            "self": 0.3566669999998915,