{
    "name": "root",
    "gauges": {
        "Enemy.Policy.Entropy.mean": {
            "value": 1.4204775094985962,
            "min": 1.4189382791519165,
            "max": 1.4204775094985962,
            "count": 4
        },
        "Enemy.Policy.ExtrinsicValueEstimate.mean": {
            "value": -0.2106684446334839,
            "min": -0.23336608707904816,
            "max": -0.20028375089168549,
            "count": 4
        },
        "Enemy.Environment.EpisodeLength.mean": {
            "value": 399.0,
            "min": 399.0,
            "max": 399.0,
            "count": 4
        },
        "Enemy.Environment.CumulativeReward.mean": {
            "value": -0.811599964350462,
            "min": -0.814799964427948,
            "max": -0.7527999561280012,
            "count": 4
        },
        "Enemy.Policy.ExtrinsicReward.mean": {
            "value": -0.811599964350462,
            "min": -0.814799964427948,
            "max": -0.7527999561280012,
            "count": 4
        },
        "Enemy.IsTraining.mean": {
            "value": 1.0,
            "min": 1.0,
            "max": 1.0,
            "count": 4
        },
        "Enemy.Losses.ValueLoss.mean": {
            "value": 0.009015168063342571,
            "min": 0.009015168063342571,
            "max": 0.009015168063342571,
            "count": 1
        },
        "Enemy.Losses.PolicyLoss.mean": {
            "value": 0.020129965618252754,
            "min": 0.020129965618252754,
            "max": 0.020129965618252754,
            "count": 1
        },
        "Enemy.Policy.LearningRate.mean": {
            "value": 0.0002987683401443064,
            "min": 0.0002987683401443064,
            "max": 0.0002987683401443064,
            "count": 1
        },
        "Enemy.Policy.Epsilon.mean": {
            "value": 0.19958940148353577,
            "min": 0.19958940148353577,
            "max": 0.19958940148353577,
            "count": 1
        },
        "Enemy.Policy.Beta.mean": {
            "value": 0.004979511722922325,
            "min": 0.004979511722922325,
            "max": 0.004979511722922325,
            "count": 1
        }
    },
    "metadata": {
        "timer_format_version": "0.1.0",
        "start_time_seconds": "1641156452",
        "python_version": "3.7.11 (default, Jul 27 2021, 09:42:29) [MSC v.1916 64 bit (AMD64)]",
        "command_line_arguments": "f:\\Users\\Rollo\\anaconda3\\envs\\ml-agents-1.0.8\\Scripts\\mlagents-learn ./new_trainer_config.yaml --run-id enemy4",
        "mlagents_version": "0.20.0",
        "mlagents_envs_version": "0.20.0",
        "communication_protocol_version": "1.1.0",
        "tensorflow_version": "2.7.0",
        "numpy_version": "1.18.5",
        "end_time_seconds": "1641158691"
    },
    "total": 2238.3962372,
    "count": 1,
    "self": 0.008477200000015728,
    "children": {
        "run_training.setup": {
            "total": 0.006506400000000134,
            "count": 1,
            "self": 0.006506400000000134
        },
        "TrainerController.start_learning": {
            "total": 2238.3812536,
            "count": 1,
            "self": 1.1971183000114252,
            "children": {
                "TrainerController._reset_env": {
                    "total": 6.9279848,
                    "count": 1,
                    "self": 6.9279848
                },
                "TrainerController.advance": {
                    "total": 2229.7932995999886,
                    "count": 46561,
                    "self": 0.6079112999523204,
                    "children": {
                        "env_step": {
                            "total": 2229.1853883000363,
                            "count": 46561,
                            "self": 2200.0996565000178,
                            "children": {
                                "SubprocessEnvManager._take_step": {
                                    "total": 28.495487499995264,
                                    "count": 46561,
                                    "self": 1.0486820000016728,
                                    "children": {
                                        "TFPolicy.evaluate": {
                                            "total": 27.44680549999359,
                                            "count": 46561,
                                            "self": 27.44680549999359
                                        }
                                    }
                                },
                                "workers": {
                                    "total": 0.5902443000233362,
                                    "count": 46560,
                                    "self": 0.0,
                                    "children": {
                                        "worker_root": {
                                            "total": 2230.7530059000023,
                                            "count": 46560,
                                            "is_parallel": true,
                                            "self": 69.7498467999867,
                                            "children": {
                                                "steps_from_proto": {
                                                    "total": 0.0002865999999999147,
                                                    "count": 1,
                                                    "is_parallel": true,
                                                    "self": 7.650000000136714e-05,
                                                    "children": {
                                                        "_process_vector_observation": {
                                                            "total": 0.00021009999999854756,
                                                            "count": 4,
                                                            "is_parallel": true,
                                                            "self": 0.00021009999999854756
                                                        }
                                                    }
                                                },
                                                "UnityEnvironment.step": {
                                                    "total": 2161.0028725000157,
                                                    "count": 46560,
                                                    "is_parallel": true,
                                                    "self": 4.107052800038218,
                                                    "children": {
                                                        "UnityEnvironment._generate_step_input": {
                                                            "total": 2.4273879999966077,
                                                            "count": 46560,
                                                            "is_parallel": true,
                                                            "self": 2.4273879999966077
                                                        },
                                                        "communicator.exchange": {
                                                            "total": 2142.637382599963,
                                                            "count": 46560,
                                                            "is_parallel": true,
                                                            "self": 2142.637382599963
                                                        },
                                                        "steps_from_proto": {
                                                            "total": 11.831049100017832,
                                                            "count": 46560,
                                                            "is_parallel": true,
                                                            "self": 4.058094300040519,