{
    "name": "root",
    "metadata": {
        "timer_format_version": "0.1.0",
        "start_time_seconds": "1641297250",
        "python_version": "3.7.11 (default, Jul 27 2021, 09:42:29) [MSC v.1916 64 bit (AMD64)]",
        "command_line_arguments": "E:\\anakonda\\envs\\ml-agents-1.0.8\\Scripts\\mlagents-learn ./Config/new_trainer_config.yaml --run-id KM_22",
        "mlagents_version": "0.20.0",
        "mlagents_envs_version": "0.20.0",
        "communication_protocol_version": "1.1.0",
        "tensorflow_version": "2.7.0",
        "numpy_version": "1.18.5",
        "end_time_seconds": "1641297264"
    },
    "total": 14.317919700000001,
    "count": 1,
    "self": 0.23040750000000187,
    "children": {
        "run_training.setup": {
            "total": 0.01062530000000006,
            "count": 1,
            "self": 0.01062530000000006
        },
        "TrainerController.start_learning": {
            "total": 14.0768869,
            "count": 1,
            "self": 0.0003774999999990314,
            "children": {
                "TrainerController._reset_env": {
                    "total": 14.076481,
                    "count": 1,
                    "self": 14.076353200000002,
                    "children": {
                        "demo_to_buffer": {
                            "total": 0.0001277999999977908,
                            "count": 1,
                            "self": 1.2199999996909128e-05,
                            "children": {
                                "load_demonstration": {
                                    "total": 0.00011560000000088166,
                                    "count": 1,
                                    "self": 0.00011560000000088166
                                }
                            }
                        }
                    }
                },
                "TrainerController._save_models": {
                    "total": 2.8400000001482795e-05,
                    "count": 1,
                    "self": 1.0800000001864873e-05,
                    "children": {
                        "RLTrainer._checkpoint": {
                            "total": 1.759999999961792e-05,
                            "count": 1,
                            "self": 1.759999999961792e-05
                        }
                    }
                }
            }
        }
    }
}