{"count":1,"self":1373.7064447999999,"total":7244.4813802,"children":{"AgentSendState":{"count":1562834,"self":42.2628736,"total":1605.7630946,"children":{"CollectObservations":{"count":5001072,"self":21.3569872,"total":21.356986799999998,"children":null},"CollectDiscreteActionMasks":{"count":5001072,"self":4.9167216,"total":4.9167217,"children":null},"AgentInfo.ToProto":{"count":5001072,"self":18.056687999999998,"total":1537.2265135,"children":{"GenerateSensorData":{"count":5001072,"self":206.6924032,"total":1519.1698254,"children":{"RayPerceptionSensor.Perceive":{"count":10002144,"self":1312.4773888,"total":1312.4774195999998,"children":null}}}}}}},"DecideAction":{"count":1562834,"self":4193.1698176,"total":4193.1699930999994,"children":null},"AgentAct":{"count":1562834,"self":63.0192832,"total":64.0700519,"children":{"AgentInfo.ToProto":{"count":3377,"self":0.0237444,"total":1.0507682,"children":{"GenerateSensorData":{"count":3377,"self":0.1338749,"total":1.0270238,"children":{"RayPerceptionSensor.Perceive":{"count":6754,"self":0.89314889999999991,"total":0.89314889999999991,"children":null}}}}}}},"AgentInfo.ToProto":{"count":23693,"self":0.1569924,"total":7.768846,"children":{"GenerateSensorData":{"count":23693,"self":1.2077727,"total":7.6118536,"children":{"RayPerceptionSensor.Perceive":{"count":47386,"self":6.4040808,"total":6.4040808999999994,"children":null}}}}}},"gauges":{"Enemy1.CumulativeReward":{"count":27070,"max":1.2400012,"min":-11.1999693,"runningAverage":0.321687847,"value":0.596503437,"weightedAverage":0.8188257}},"metadata":{"timer_format_version":"0.1.0","start_time_seconds":"1641472099","unity_version":"2021.1.5f1","command_line_arguments":"C:\\Program Files\\Unity\\Hub\\Editor\\2021.1.5f1\\Editor\\Unity.exe -projectpath F:\/GIT\/TDS-Project -useHub -hubIPC -cloudEnvironment production -hubSessionId d9e42000-6bbd-11ec-b975-cbbbbaa42b98 -accessToken 6gcNuJjQuMWg1xKdD_XWudiDXmCoeMoKKpUwo6WAuBU007f","communication_protocol_version":"1.0.0","com.unity.ml-agents_version":"1.0.8","scene_name":"Lesson2","end_time_seconds":"1641479343"}}