{"count":1,"self":749.5705088,"total":3561.1533282,"children":{"AgentSendState":{"count":1295101,"self":31.939561599999998,"total":427.062307,"children":{"CollectObservations":{"count":4144336,"self":8.1368016,"total":8.1368014,"children":null},"CollectDiscreteActionMasks":{"count":4144336,"self":3.9879803999999996,"total":3.9879803,"children":null},"AgentInfo.ToProto":{"count":4144336,"self":13.888731199999999,"total":382.9979648,"children":{"GenerateSensorData":{"count":4144336,"self":64.8493312,"total":369.10923349999996,"children":{"RayPerceptionSensor.Perceive":{"count":8288672,"self":304.25989119999997,"total":304.25990229999996,"children":null}}}}}}},"DecideAction":{"count":1295101,"self":2352.0792576,"total":2352.0793568999998,"children":null},"AgentAct":{"count":1295101,"self":30.9318144,"total":31.923765799999998,"children":{"AgentInfo.ToProto":{"count":8683,"self":0.0499516,"total":0.9919523,"children":{"GenerateSensorData":{"count":8683,"self":0.1721346,"total":0.94200069999999991,"children":{"RayPerceptionSensor.Perceive":{"count":17366,"self":0.7698661,"total":0.7698661,"children":null}}}}}}},"AgentInfo.ToProto":{"count":4235,"self":0.027743999999999998,"total":0.5153766,"children":{"GenerateSensorData":{"count":4235,"self":0.085162599999999991,"total":0.48763259999999997,"children":{"RayPerceptionSensor.Perceive":{"count":8470,"self":0.40247,"total":0.40247,"children":null}}}}}},"gauges":{"Enemy1.CumulativeReward":{"count":12918,"max":0.9947248,"min":-1.7002641,"runningAverage":-0.7158765,"value":-0.631294966,"weightedAverage":-0.7344143}},"metadata":{"timer_format_version":"0.1.0","start_time_seconds":"1642247095","unity_version":"2021.1.5f1","command_line_arguments":"C:\\Program Files\\Unity\\Hub\\Editor\\2021.1.5f1\\Editor\\Unity.exe -projectpath F:\/GIT\/TDS-Project -useHub -hubIPC -cloudEnvironment production -hubSessionId d9e42000-6bbd-11ec-b975-cbbbbaa42b98 -accessToken 3Y1ktpGvQGQxfHdEp-fA4JB6br6iYNXZYDfDP5Z2cCY007f","communication_protocol_version":"1.0.0","com.unity.ml-agents_version":"1.0.8","scene_name":"Lesson1","end_time_seconds":"1642250656"}}