{"count":1,"self":506.91624959999996,"total":2555.5912547999997,"children":{"AgentSendState":{"count":599167,"self":14.1710608,"total":541.9673308,"children":{"CollectObservations":{"count":1917344,"self":4.2975112,"total":4.2975113,"children":null},"CollectDiscreteActionMasks":{"count":1917344,"self":1.8111077999999998,"total":1.8111077999999998,"children":null},"AgentInfo.ToProto":{"count":1917344,"self":5.9296988,"total":521.6876503,"children":{"GenerateSensorData":{"count":1917344,"self":67.61568,"total":515.7579515,"children":{"RayPerceptionSensor.Perceive":{"count":3834688,"self":448.14228479999997,"total":448.14227209999996,"children":null}}}}}}},"DecideAction":{"count":599167,"self":1479.043072,"total":1479.0431019999999,"children":null},"AgentAct":{"count":599167,"self":27.1719968,"total":27.6625744,"children":{"AgentInfo.ToProto":{"count":1904,"self":0.0059641,"total":0.49057819999999996,"children":{"GenerateSensorData":{"count":1904,"self":0.052987099999999995,"total":0.4846141,"children":{"RayPerceptionSensor.Perceive":{"count":3808,"self":0.431627,"total":0.431627,"children":null}}}}}}}},"gauges":{"Enemy1.CumulativeReward":{"count":1904,"max":-0.2599327,"min":-43.567852,"runningAverage":-6.69821358,"value":-1.64003,"weightedAverage":-3.16254854}},"metadata":{"timer_format_version":"0.1.0","start_time_seconds":"1641485874","unity_version":"2021.1.5f1","command_line_arguments":"C:\\Program Files\\Unity\\Hub\\Editor\\2021.1.5f1\\Editor\\Unity.exe -projectpath F:\/GIT\/TDS-Project -useHub -hubIPC -cloudEnvironment production -hubSessionId d9e42000-6bbd-11ec-b975-cbbbbaa42b98 -accessToken DWTs5QhdTZXbc2ZX5nAaycrTa1Xdr_WmmAM8coUqL-E007f","communication_protocol_version":"1.0.0","com.unity.ml-agents_version":"1.0.8","scene_name":"Lesson2_1","end_time_seconds":"1641488429"}}