{"count":1,"self":1511.3271296,"total":5254.5651228,"children":{"AgentSendState":{"count":1036601,"self":27.096719999999998,"total":1005.2809368,"children":{"CollectObservations":{"count":3317136,"self":13.1498856,"total":13.149885399999999,"children":null},"CollectDiscreteActionMasks":{"count":3317136,"self":3.0549304,"total":3.0549304,"children":null},"AgentInfo.ToProto":{"count":3317136,"self":11.6873616,"total":961.97940039999992,"children":{"GenerateSensorData":{"count":3317136,"self":130.1536384,"total":950.29203869999992,"children":{"RayPerceptionSensor.Perceive":{"count":6634272,"self":820.1383936,"total":820.1383998,"children":null}}}}}}},"DecideAction":{"count":1036601,"self":2679.9659008,"total":2679.9658814,"children":null},"AgentAct":{"count":1036601,"self":47.5826304,"total":47.5968257,"children":{"AgentInfo.ToProto":{"count":46,"self":0,"total":0.014194799999999999,"children":{"GenerateSensorData":{"count":46,"self":0,"total":0.014194799999999999,"children":{"RayPerceptionSensor.Perceive":{"count":92,"self":0.014194799999999999,"total":0.014194799999999999,"children":null}}}}}}},"AgentInfo.ToProto":{"count":33104,"self":0.19851349999999998,"total":10.3933304,"children":{"GenerateSensorData":{"count":33104,"self":1.7016399999999998,"total":10.1948169,"children":{"RayPerceptionSensor.Perceive":{"count":66208,"self":8.4931767999999987,"total":8.493177,"children":null}}}}}},"gauges":{"Enemy1.CumulativeReward":{"count":33150,"max":1.257001,"min":-8.873611,"runningAverage":0.55255425,"value":1.0935,"weightedAverage":1.0459435}},"metadata":{"timer_format_version":"0.1.0","start_time_seconds":"1641466598","unity_version":"2021.1.5f1","command_line_arguments":"C:\\Program Files\\Unity\\Hub\\Editor\\2021.1.5f1\\Editor\\Unity.exe -projectpath F:\/GIT\/TDS-Project -useHub -hubIPC -cloudEnvironment production -hubSessionId d9e42000-6bbd-11ec-b975-cbbbbaa42b98 -accessToken 6gcNuJjQuMWg1xKdD_XWudiDXmCoeMoKKpUwo6WAuBU007f","communication_protocol_version":"1.0.0","com.unity.ml-agents_version":"1.0.8","scene_name":"Lesson1","end_time_seconds":"1641471853"}}