{"count":1,"self":40.2194656,"total":47.549145599999996,"children":{"AgentSendState":{"count":3639,"self":0.2340806,"total":0.44504299999999997,"children":{"CollectObservations":{"count":728,"self":0.0099201999999999988,"total":0.0099201999999999988,"children":null},"CollectDiscreteActionMasks":{"count":728,"self":0.0039417,"total":0.0039417,"children":null},"RayPerceptionSensor.Perceive":{"count":1456,"self":0.19710049999999998,"total":0.19710049999999998,"children":null}}},"DecideAction":{"count":3639,"self":6.8345943999999994,"total":6.8345946,"children":null},"AgentAct":{"count":3639,"self":0.0460623,"total":0.0460623,"children":null},"RayPerceptionSensor.Perceive":{"count":10,"self":0.0019851,"total":0.0019851,"children":null}},"gauges":{"Enemy1.CumulativeReward":{"count":5,"max":-1.92350149,"min":-2.323504,"runningAverage":-2.180502,"value":-2.323504,"weightedAverage":-2.19509935}},"metadata":{"timer_format_version":"0.1.0","start_time_seconds":"1644066502","unity_version":"2021.1.5f1","command_line_arguments":"E:\\unity\\2021.1.5f1\\Editor\\Unity.exe -projectpath E:\/REPOS\/TDS-Project -useHub -hubIPC -cloudEnvironment production -hubSessionId a0456530-8679-11ec-b769-27149972b901 -accessToken J-pn-zaju6io0zu9OdqmAQLspp3WY38ZMHB8z-5k-0o007f","communication_protocol_version":"1.0.0","com.unity.ml-agents_version":"1.0.8","scene_name":"Lesson1","end_time_seconds":"1644066550"}}