{"count":1,"self":2752.8542208,"total":8661.5552011999989,"children":{"AgentSendState":{"count":6569093,"self":79.0899072,"total":1485.8914304999998,"children":{"CollectObservations":{"count":1313819,"self":12.8119912,"total":12.8119914,"children":null},"CollectDiscreteActionMasks":{"count":1313819,"self":4.1509295999999996,"total":4.1509295999999996,"children":null},"AgentInfo.ToProto":{"count":1313819,"self":14.2646448,"total":1389.8385991999999,"children":{"GenerateSensorData":{"count":1313819,"self":68.6097728,"total":1375.5739551,"children":{"RayPerceptionSensor.Perceive":{"count":2627638,"self":1306.9641728,"total":1306.9641852,"children":null}}}}}}},"DecideAction":{"count":6569093,"self":4346.5326592,"total":4346.532727,"children":null},"AgentAct":{"count":6569093,"self":68.009939199999991,"total":68.0260867,"children":{"AgentInfo.ToProto":{"count":17,"self":0,"total":0.0161501,"children":{"GenerateSensorData":{"count":17,"self":0.0019947999999999997,"total":0.0161501,"children":{"RayPerceptionSensor.Perceive":{"count":34,"self":0.0141553,"total":0.0141553,"children":null}}}}}}},"AgentInfo.ToProto":{"count":7208,"self":0.0986885,"total":8.2497669,"children":{"GenerateSensorData":{"count":7208,"self":0.43028089999999997,"total":8.1510784,"children":{"RayPerceptionSensor.Perceive":{"count":14416,"self":7.7207976,"total":7.7207975,"children":null}}}}}},"gauges":{"Enemy.CumulativeReward":{"count":7225,"max":0.133413315,"min":-15.0919743,"runningAverage":-3.74309778,"value":-8.458367,"weightedAverage":-5.64615536}},"metadata":{"timer_format_version":"0.1.0","start_time_seconds":"1641320373","unity_version":"2021.1.5f1","command_line_arguments":"E:\\unity\\2021.1.5f1\\Editor\\Unity.exe -projectpath E:\/REPOS\/TDS-Project -useHub -hubIPC -cloudEnvironment production -hubSessionId 1ff2f4a0-6d75-11ec-ba61-adbd383bdea5 -accessToken kICGEfVNooAHm3rF5NQqEox5oldrxrkSPjBIt7hCCBE007f","communication_protocol_version":"1.0.0","com.unity.ml-agents_version":"1.0.8","scene_name":"LEVEL3","end_time_seconds":"1641329034"}}