{
    "name": "root",
    "gauges": {
        "Enemy.Policy.Entropy.mean": {
            "value": 1.4189473390579224,
            "min": 1.4189382791519165,
            "max": 1.4189486503601074,
            "count": 4
        },
        "Enemy.Policy.ExtrinsicValueEstimate.mean": {
            "value": 0.42529991269111633,
            "min": 0.3966519236564636,
            "max": 0.42529991269111633,
            "count": 4
        },
        "Enemy.Environment.EpisodeLength.mean": {
            "value": 399.0,
            "min": 399.0,
            "max": 399.0,
            "count": 4
        },
        "Enemy.Environment.CumulativeReward.mean": {
            "value": -0.5483999758958816,
            "min": -0.7499999633679787,
            "max": -0.49199997670948503,
            "count": 4
        },
        "Enemy.Policy.ExtrinsicReward.mean": {
            "value": -0.5483999758958816,
            "min": -0.7499999633679787,
            "max": -0.49199997670948503,
            "count": 4
        },
        "Enemy.IsTraining.mean": {
            "value": 1.0,
            "min": 1.0,
            "max": 1.0,
            "count": 4
        },
        "Enemy.Losses.ValueLoss.mean": {
            "value": 0.003922577947378159,
            "min": 0.003922577947378159,
            "max": 0.003922577947378159,
            "count": 1
        },
        "Enemy.Losses.PolicyLoss.mean": {
            "value": 0.01604865863919258,
            "min": 0.01604865863919258,
            "max": 0.01604865863919258,
            "count": 1
        },
        "Enemy.Policy.LearningRate.mean": {
            "value": 0.0002987683401443064,
            "min": 0.0002987683401443064,
            "max": 0.0002987683401443064,
            "count": 1
        },
        "Enemy.Policy.Epsilon.mean": {
            "value": 0.19958940148353577,
            "min": 0.19958940148353577,
            "max": 0.19958940148353577,
            "count": 1
        },
        "Enemy.Policy.Beta.mean": {
            "value": 0.004979511722922325,
            "min": 0.004979511722922325,
            "max": 0.004979511722922325,
            "count": 1
        }
    },
    "metadata": {
        "timer_format_version": "0.1.0",
        "start_time_seconds": "1641152771",
        "python_version": "3.7.11 (default, Jul 27 2021, 09:42:29) [MSC v.1916 64 bit (AMD64)]",
        "command_line_arguments": "f:\\Users\\Rollo\\anaconda3\\envs\\ml-agents-1.0.8\\Scripts\\mlagents-learn ./new_trainer_config.yaml --run-id enemy2",
        "mlagents_version": "0.20.0",
        "mlagents_envs_version": "0.20.0",
        "communication_protocol_version": "1.1.0",
        "tensorflow_version": "2.7.0",
        "numpy_version": "1.18.5",
        "end_time_seconds": "1641153213"
    },
    "total": 442.5113252,
    "count": 1,
    "self": 0.00779979999998659,
    "children": {
        "run_training.setup": {
            "total": 0.006438900000000025,
            "count": 1,
            "self": 0.006438900000000025
        },
        "TrainerController.start_learning": {
            "total": 442.4970865,
            "count": 1,
            "self": 1.1489194000001248,
            "children": {
                "TrainerController._reset_env": {
                    "total": 10.5041863,
                    "count": 1,
                    "self": 10.5041863
                },
                "TrainerController.advance": {
                    "total": 430.4863402999999,
                    "count": 47160,
                    "self": 0.5988469000034797,
                    "children": {
                        "env_step": {
                            "total": 429.8874933999964,
                            "count": 47160,
                            "self": 401.74351980000404,
                            "children": {
                                "SubprocessEnvManager._take_step": {
                                    "total": 27.56750589999644,
                                    "count": 47160,
                                    "self": 0.9959490000000883,
                                    "children": {
                                        "TFPolicy.evaluate": {
                                            "total": 26.571556899996352,
                                            "count": 47160,
                                            "self": 26.571556899996352
                                        }
                                    }
                                },
                                "workers": {
                                    "total": 0.5764676999959448,
                                    "count": 47159,
                                    "self": 0.0,
                                    "children": {
                                        "worker_root": {
                                            "total": 431.4490185999991,
                                            "count": 47159,
                                            "is_parallel": true,
                                            "self": 67.86220360000476,
                                            "children": {
                                                "steps_from_proto": {
                                                    "total": 0.00027749999999926445,
                                                    "count": 1,
                                                    "is_parallel": true,
                                                    "self": 7.629999999636539e-05,
                                                    "children": {
                                                        "_process_vector_observation": {
                                                            "total": 0.00020120000000289906,
                                                            "count": 4,
                                                            "is_parallel": true,
                                                            "self": 0.00020120000000289906
                                                        }
                                                    }
                                                },
                                                "UnityEnvironment.step": {
                                                    "total": 363.58653749999434,
                                                    "count": 47159,
                                                    "is_parallel": true,
                                                    "self": 3.758156999994867,
                                                    "children": {
                                                        "UnityEnvironment._generate_step_input": {
                                                            "total": 2.3639980999985504,
                                                            "count": 47159,
                                                            "is_parallel": true,
                                                            "self": 2.3639980999985504
                                                        },
                                                        "communicator.exchange": {
                                                            "total": 346.4434402000025,
                                                            "count": 47159,
                                                            "is_parallel": true,
                                                            "self": 346.4434402000025
                                                        },
                                                        "steps_from_proto": {
                                                            "total": 11.020942199998464,
                                                            "count": 47159,
                                                            "is_parallel": true,
                                                            "self": 3.824238599990206,