{
    "name": "root",
    "gauges": {
        "Enemy.Policy.Entropy.mean": {
            "value": 3.983093023300171,
            "min": 3.983093023300171,
            "max": 3.983093023300171,
            "count": 1
        },
        "Enemy.Policy.ExtrinsicValueEstimate.mean": {
            "value": 0.07686460763216019,
            "min": 0.07686460763216019,
            "max": 0.07686460763216019,
            "count": 1
        },
        "Enemy.Policy.GAILValueEstimate.mean": {
            "value": -1.0694860219955444,
            "min": -1.0694860219955444,
            "max": -1.0694860219955444,
            "count": 1
        },
        "Enemy.Environment.EpisodeLength.mean": {
            "value": 999.0,
            "min": 999.0,
            "max": 999.0,
            "count": 1
        },
        "Enemy.Environment.CumulativeReward.mean": {
            "value": -11.127777636051178,
            "min": -11.127777636051178,
            "max": -11.127777636051178,
            "count": 1
        },
        "Enemy.Policy.ExtrinsicReward.mean": {
            "value": -11.127777636051178,
            "min": -11.127777636051178,
            "max": -11.127777636051178,
            "count": 1
        },
        "Enemy.Policy.GAILReward.mean": {
            "value": 0.0,
            "min": 0.0,
            "max": 0.0,
            "count": 1
        },
        "Enemy.IsTraining.mean": {
            "value": 1.0,
            "min": 1.0,
            "max": 1.0,
            "count": 1
        }
    },
    "metadata": {
        "timer_format_version": "0.1.0",
        "start_time_seconds": "1641253205",
        "python_version": "3.7.11 (default, Jul 27 2021, 09:42:29) [MSC v.1916 64 bit (AMD64)]",
        "command_line_arguments": "E:\\anakonda\\envs\\ml-agents-1.0.8\\Scripts\\mlagents-learn ./new_trainer_config.yaml --run-id KM_13",
        "mlagents_version": "0.20.0",
        "mlagents_envs_version": "0.20.0",
        "communication_protocol_version": "1.1.0",
        "tensorflow_version": "2.7.0",
        "numpy_version": "1.18.5",
        "end_time_seconds": "1641253353"
    },
    "total": 148.00592260000002,
    "count": 1,
    "self": 0.007862000000017133,
    "children": {
        "run_training.setup": {
            "total": 0.26075120000000007,
            "count": 1,
            "self": 0.26075120000000007
        },
        "TrainerController.start_learning": {
            "total": 147.73730940000002,
            "count": 1,
            "self": 0.35580789999946205,
            "children": {
                "TrainerController._reset_env": {
                    "total": 19.2185373,
                    "count": 1,
                    "self": 15.303032100000003,
                    "children": {
                        "demo_to_buffer": {
                            "total": 3.9155051999999984,
                            "count": 2,
                            "self": 0.00841970000000103,
                            "children": {
                                "load_demonstration": {
                                    "total": 0.04338239999999516,
                                    "count": 2,
                                    "self": 0.03805869999999345,
                                    "children": {
                                        "read_file": {
                                            "total": 0.005323700000001708,
                                            "count": 2,
                                            "self": 0.005323700000001708
                                        }
                                    }
                                },
                                "make_demo_buffer": {
                                    "total": 3.863703100000002,
                                    "count": 2,
                                    "self": 0.5293804999999487,
                                    "children": {
                                        "steps_from_proto": {
                                            "total": 3.3343226000000534,
                                            "count": 12396,
                                            "self": 1.297239900000509,
                                            "children": {
                                                "_process_vector_observation": {
                                                    "total": 2.0370826999995444,
                                                    "count": 74376,
                                                    "self": 2.0370826999995444
                                                }
                                            }
                                        }
                                    }
                                }
                            }
                        }
                    }
                },
                "TrainerController.advance": {
                    "total": 126.96677080000056,
                    "count": 14063,
                    "self": 0.18113850000111142,
                    "children": {
                        "env_step": {
                            "total": 126.78563229999945,
                            "count": 14063,
                            "self": 115.73571529999974,
                            "children": {
                                "SubprocessEnvManager._take_step": {
                                    "total": 10.877963199999655,
                                    "count": 14063,
                                    "self": 0.31668409999871727,
                                    "children": {
                                        "TFPolicy.evaluate": {
                                            "total": 10.561279100000938,
                                            "count": 14063,
                                            "self": 10.561279100000938
                                        }
                                    }
                                },
                                "workers": {
                                    "total": 0.171953800000054,
                                    "count": 14062,
                                    "self": 0.0,
                                    "children": {
                                        "worker_root": {
                                            "total": 133.41280260000195,
                                            "count": 14062,
                                            "is_parallel": true,
                                            "self": 30.917248900000658,
                                            "children": {
                                                "steps_from_proto": {
                                                    "total": 0.00045280000000147425,
                                                    "count": 1,
                                                    "is_parallel": true,
                                                    "self": 0.00016480000000385076,
                                                    "children": {
                                                        "_process_vector_observation": {
                                                            "total": 0.0002879999999976235,
                                                            "count": 6,
                                                            "is_parallel": true,
                                                            "self": 0.0002879999999976235
                                                        }
                                                    }
                                                },
                                                "UnityEnvironment.step": {
                                                    "total": 102.49510090000129,
                                                    "count": 14062,
                                                    "is_parallel": true,