{
    "name": "root",
    "gauges": {
        "Enemy.Policy.Entropy.mean": {
            "value": 1.1757609844207764,
            "min": 1.1757609844207764,
            "max": 1.1757609844207764,
            "count": 1
        },
        "Enemy.Policy.ExtrinsicValueEstimate.mean": {
            "value": -0.5303966999053955,
            "min": -0.5303966999053955,
            "max": -0.5303966999053955,
            "count": 1
        },
        "Enemy.Environment.EpisodeLength.mean": {
            "value": 999.0,
            "min": 999.0,
            "max": 999.0,
            "count": 1
        },
        "Enemy.Environment.CumulativeReward.mean": {
            "value": -10.868750121444464,
            "min": -10.868750121444464,
            "max": -10.868750121444464,
            "count": 1
        },
        "Enemy.Policy.ExtrinsicReward.mean": {
            "value": -10.868750121444464,
            "min": -10.868750121444464,
            "max": -10.868750121444464,
            "count": 1
        },
        "Enemy.IsTraining.mean": {
            "value": 1.0,
            "min": 1.0,
            "max": 1.0,
            "count": 1
        }
    },
    "metadata": {
        "timer_format_version": "0.1.0",
        "start_time_seconds": "1641242394",
        "python_version": "3.7.11 (default, Jul 27 2021, 09:42:29) [MSC v.1916 64 bit (AMD64)]",
        "command_line_arguments": "E:\\anakonda\\envs\\ml-agents-1.0.8\\Scripts\\mlagents-learn ./new_trainer_config.yaml --initialize-from KM_01 --run-id KM_03",
        "mlagents_version": "0.20.0",
        "mlagents_envs_version": "0.20.0",
        "communication_protocol_version": "1.1.0",
        "tensorflow_version": "2.7.0",
        "numpy_version": "1.18.5",
        "end_time_seconds": "1641242479"
    },
    "total": 84.4657898,
    "count": 1,
    "self": 0.007627799999994522,
    "children": {
        "run_training.setup": {
            "total": 0.05914939999999991,
            "count": 1,
            "self": 0.05914939999999991
        },
        "TrainerController.start_learning": {
            "total": 84.3990126,
            "count": 1,
            "self": 0.1025678000000596,
            "children": {
                "TrainerController._reset_env": {
                    "total": 23.0916955,
                    "count": 1,
                    "self": 23.0916955
                },
                "TrainerController.advance": {
                    "total": 60.490742299999944,
                    "count": 3908,
                    "self": 0.047487499999931515,
                    "children": {
                        "env_step": {
                            "total": 60.44325480000001,
                            "count": 3908,
                            "self": 57.99134369999986,
                            "children": {
                                "SubprocessEnvManager._take_step": {
                                    "total": 2.4066608999998778,
                                    "count": 3908,
                                    "self": 0.08753460000033897,
                                    "children": {
                                        "TFPolicy.evaluate": {
                                            "total": 2.319126299999539,
                                            "count": 3908,
                                            "self": 2.319126299999539
                                        }
                                    }
                                },
                                "workers": {
                                    "total": 0.04525020000027169,
                                    "count": 3907,
                                    "self": 0.0,
                                    "children": {
                                        "worker_root": {
                                            "total": 61.574326000000106,
                                            "count": 3907,
                                            "is_parallel": true,
                                            "self": 7.2880103999999335,
                                            "children": {
                                                "steps_from_proto": {
                                                    "total": 0.000552599999998904,
                                                    "count": 1,
                                                    "is_parallel": true,
                                                    "self": 8.509999999617435e-05,
                                                    "children": {
                                                        "_process_vector_observation": {
                                                            "total": 0.0004675000000027296,
                                                            "count": 4,
                                                            "is_parallel": true,
                                                            "self": 0.0004675000000027296
                                                        }
                                                    }
                                                },
                                                "UnityEnvironment.step": {
                                                    "total": 54.28576300000017,
                                                    "count": 3907,
                                                    "is_parallel": true,
                                                    "self": 0.47065859999997883,
                                                    "children": {
                                                        "UnityEnvironment._generate_step_input": {
                                                            "total": 0.2647605999996898,
                                                            "count": 3907,
                                                            "is_parallel": true,
                                                            "self": 0.2647605999996898
                                                        },
                                                        "communicator.exchange": {
                                                            "total": 51.71051020000019,
                                                            "count": 3907,
                                                            "is_parallel": true,
                                                            "self": 51.71051020000019
                                                        },
                                                        "steps_from_proto": {
                                                            "total": 1.8398336000003148,
                                                            "count": 3907,
                                                            "is_parallel": true,
                                                            "self": 0.31530249999931925,
                                                            "children": {
                                                                "_process_vector_observation": {
                                                                    "total": 1.5245311000009956,
                                                                    "count": 15628,
                                                                    "is_parallel": true,