{
    "name": "root",
    "metadata": {
        "timer_format_version": "0.1.0",
        "start_time_seconds": "1641152619",
        "python_version": "3.7.11 (default, Jul 27 2021, 09:42:29) [MSC v.1916 64 bit (AMD64)]",
        "command_line_arguments": "f:\\Users\\Rollo\\anaconda3\\envs\\ml-agents-1.0.8\\Scripts\\mlagents-learn ./new_trainer_config.yaml --run-id enemy1",
        "mlagents_version": "0.20.0",
        "mlagents_envs_version": "0.20.0",
        "communication_protocol_version": "1.1.0",
        "tensorflow_version": "2.7.0",
        "numpy_version": "1.18.5",
        "end_time_seconds": "1641152720"
    },
    "total": 101.17218700000001,
    "count": 1,
    "self": 0.009366600000006997,
    "children": {
        "run_training.setup": {
            "total": 0.14072910000000016,
            "count": 1,
            "self": 0.14072910000000016
        },
        "TrainerController.start_learning": {
            "total": 101.0220913,
            "count": 1,
            "self": 0.20129830000007587,
            "children": {
                "TrainerController._reset_env": {
                    "total": 8.927429,
                    "count": 1,
                    "self": 8.927429
                },
                "TrainerController.advance": {
                    "total": 91.51928889999992,
                    "count": 8130,
                    "self": 0.10440979999974331,
                    "children": {
                        "env_step": {
                            "total": 91.41487910000018,
                            "count": 8130,
                            "self": 86.50733260000025,
                            "children": {
                                "SubprocessEnvManager._take_step": {
                                    "total": 4.810447699999907,
                                    "count": 8130,
                                    "self": 0.17669840000016812,
                                    "children": {
                                        "TFPolicy.evaluate": {
                                            "total": 4.633749299999739,
                                            "count": 8130,
                                            "self": 4.633749299999739
                                        }
                                    }
                                },
                                "workers": {
                                    "total": 0.09709880000001547,
                                    "count": 8129,
                                    "self": 0.0,
                                    "children": {
                                        "worker_root": {
                                            "total": 92.58001080000038,
                                            "count": 8129,
                                            "is_parallel": true,
                                            "self": 12.314170300000626,
                                            "children": {
                                                "steps_from_proto": {
                                                    "total": 0.0003333000000003139,
                                                    "count": 1,
                                                    "is_parallel": true,
                                                    "self": 7.500000000071338e-05,
                                                    "children": {
                                                        "_process_vector_observation": {
                                                            "total": 0.0002582999999996005,
                                                            "count": 4,
                                                            "is_parallel": true,
                                                            "self": 0.0002582999999996005
                                                        }
                                                    }
                                                },
                                                "UnityEnvironment.step": {
                                                    "total": 80.26550719999976,
                                                    "count": 8129,
                                                    "is_parallel": true,
                                                    "self": 0.6971836000001161,
                                                    "children": {
                                                        "UnityEnvironment._generate_step_input": {
                                                            "total": 0.41994310000030133,
                                                            "count": 8129,
                                                            "is_parallel": true,
                                                            "self": 0.41994310000030133
                                                        },
                                                        "communicator.exchange": {
                                                            "total": 76.96824149999976,
                                                            "count": 8129,
                                                            "is_parallel": true,
                                                            "self": 76.96824149999976
                                                        },
                                                        "steps_from_proto": {
                                                            "total": 2.1801389999995884,
                                                            "count": 8129,
                                                            "is_parallel": true,
                                                            "self": 0.878854199998365,
                                                            "children": {
                                                                "_process_vector_observation": {
                                                                    "total": 1.3012848000012234,
                                                                    "count": 32516,
                                                                    "is_parallel": true,
                                                                    "self": 1.3012848000012234
                                                                }
                                                            }
                                                        }
                                                    }
                                                }
                                            }
                                        }
                                    }
                                }
                            }
                        }
                    }
                },
                "trainer_threads": {
                    "total": 4.7499999993760866e-05,
                    "count": 1,
                    "self": 4.7499999993760866e-05,
                    "children": {
                        "thread_root": {
                            "total": 0.0,
                            "count": 0,
                            "is_parallel": true,
                            "self": 0.0,
                            "children": {
                                "trainer_advance": {
                                    "total": 91.57948980000005,
                                    "count": 5975,
                                    "is_parallel": true,
                                    "self": 0.2843837000000349,
                                    "children": {
                                        "process_trajectory": {
                                            "total": 91.29510610000001,
                                            "count": 5975,
                                            "is_parallel": true,