{
    "name": "root",
    "gauges": {
        "Enemy.Policy.Entropy.mean": {
            "value": 1.392298936843872,
            "min": 1.392298936843872,
            "max": 1.4189382791519165,
            "count": 41
        },
        "Enemy.Policy.ExtrinsicValueEstimate.mean": {
            "value": -0.054462581872940063,
            "min": -0.21463681757450104,
            "max": -0.006294993683695793,
            "count": 41
        },
        "Enemy.Environment.EpisodeLength.mean": {
            "value": 399.0,
            "min": 399.0,
            "max": 399.0,
            "count": 41
        },
        "Enemy.Environment.CumulativeReward.mean": {
            "value": 0.2408000309020281,
            "min": -1.3052000035345555,
            "max": 0.40080003172159195,
            "count": 41
        },
        "Enemy.Policy.ExtrinsicReward.mean": {
            "value": 0.2408000309020281,
            "min": -1.3052000035345555,
            "max": 0.40080003172159195,
            "count": 41
        },
        "Enemy.IsTraining.mean": {
            "value": 1.0,
            "min": 1.0,
            "max": 1.0,
            "count": 41
        },
        "Enemy.Losses.ValueLoss.mean": {
            "value": 0.0016365513438358903,
            "min": 0.0004245912714395672,
            "max": 0.014121558517217636,
            "count": 19
        },
        "Enemy.Losses.PolicyLoss.mean": {
            "value": 0.015240965411067009,
            "min": 0.014493501745164394,
            "max": 0.021909864619374275,
            "count": 19
        },
        "Enemy.Policy.LearningRate.mean": {
            "value": 0.00027659241459332407,
            "min": 0.00027659241459332407,
            "max": 0.0002987683401443064,
            "count": 19
        },
        "Enemy.Policy.Epsilon.mean": {
            "value": 0.19219741225242615,
            "min": 0.19219741225242615,
            "max": 0.19958940148353577,
            "count": 19
        },
        "Enemy.Policy.Beta.mean": {
            "value": 0.004610652104020119,
            "min": 0.004610652104020119,
            "max": 0.004979511722922325,
            "count": 19
        }
    },
    "metadata": {
        "timer_format_version": "0.1.0",
        "start_time_seconds": "1641158723",
        "python_version": "3.7.11 (default, Jul 27 2021, 09:42:29) [MSC v.1916 64 bit (AMD64)]",
        "command_line_arguments": "f:\\Users\\Rollo\\anaconda3\\envs\\ml-agents-1.0.8\\Scripts\\mlagents-learn ./new_trainer_config.yaml --run-id enemy5",
        "mlagents_version": "0.20.0",
        "mlagents_envs_version": "0.20.0",
        "communication_protocol_version": "1.1.0",
        "tensorflow_version": "2.7.0",
        "numpy_version": "1.18.5",
        "end_time_seconds": "1641161755"
    },
    "total": 3031.5367664,
    "count": 1,
    "self": 0.010251400000015565,
    "children": {
        "run_training.setup": {
            "total": 0.0069005999999998124,
            "count": 1,
            "self": 0.0069005999999998124
        },
        "TrainerController.start_learning": {
            "total": 3031.5196144,
            "count": 1,
            "self": 10.461911099952886,
            "children": {
                "TrainerController._reset_env": {
                    "total": 9.0819108,
                    "count": 1,
                    "self": 9.0819108
                },
                "TrainerController.advance": {
                    "total": 3011.516514300047,
                    "count": 418008,
                    "self": 5.6785911000192755,
                    "children": {
                        "env_step": {
                            "total": 3005.837923200028,
                            "count": 418008,
                            "self": 2748.4799373999294,
                            "children": {
                                "SubprocessEnvManager._take_step": {
                                    "total": 252.14936190015382,
                                    "count": 418008,
                                    "self": 9.076689900107567,
                                    "children": {
                                        "TFPolicy.evaluate": {
                                            "total": 243.07267200004625,
                                            "count": 418008,
                                            "self": 243.07267200004625
                                        }
                                    }
                                },
                                "workers": {
                                    "total": 5.208623899944595,
                                    "count": 418007,
                                    "self": 0.0,
                                    "children": {
                                        "worker_root": {
                                            "total": 3012.779587199978,
                                            "count": 418007,
                                            "is_parallel": true,
                                            "self": 614.1102034999954,
                                            "children": {
                                                "steps_from_proto": {
                                                    "total": 0.0003206999999996185,
                                                    "count": 1,
                                                    "is_parallel": true,
                                                    "self": 7.830000000019766e-05,
                                                    "children": {
                                                        "_process_vector_observation": {
                                                            "total": 0.00024239999999942086,
                                                            "count": 4,
                                                            "is_parallel": true,
                                                            "self": 0.00024239999999942086
                                                        }
                                                    }
                                                },
                                                "UnityEnvironment.step": {
                                                    "total": 2398.6690629999825,
                                                    "count": 418007,
                                                    "is_parallel": true,
                                                    "self": 36.323538899992855,
                                                    "children": {
                                                        "UnityEnvironment._generate_step_input": {
                                                            "total": 21.00065299999342,
                                                            "count": 418007,
                                                            "is_parallel": true,
                                                            "self": 21.00065299999342
                                                        },
                                                        "communicator.exchange": {
                                                            "total": 2223.764187599891,
                                                            "count": 418007,
                                                            "is_parallel": true,
                                                            "self": 2223.764187599891
                                                        },
                                                        "steps_from_proto": {
                                                            "total": 117.58068350010555,
                                                            "count": 418007,
                                                            "is_parallel": true,