{
    "name": "root",
    "gauges": {
        "Hummingbird.Policy.Entropy.mean": {
            "value": 1.3822534084320068,
            "min": 1.3822534084320068,
            "max": 1.4207578897476196,
            "count": 131
        },
        "Hummingbird.Policy.Entropy.sum": {
            "value": 13888.8828125,
            "min": 13659.73828125,
            "max": 14273.3818359375,
            "count": 131
        },
        "Hummingbird.Step.mean": {
            "value": 1309888.0,
            "min": 9920.0,
            "max": 1309888.0,
            "count": 131
        },
        "Hummingbird.Step.sum": {
            "value": 1309888.0,
            "min": 9920.0,
            "max": 1309888.0,
            "count": 131
        },
        "Hummingbird.Policy.ExtrinsicValueEstimate.mean": {
            "value": 2.6800131797790527,
            "min": 0.007015938404947519,
            "max": 2.6800131797790527,
            "count": 131
        },
        "Hummingbird.Policy.ExtrinsicValueEstimate.sum": {
            "value": 211.72103881835938,
            "min": 0.5542591214179993,
            "max": 211.72103881835938,
            "count": 131
        },
        "Hummingbird.Environment.EpisodeLength.mean": {
            "value": 999.0,
            "min": 999.0,
            "max": 999.0,
            "count": 131
        },
        "Hummingbird.Environment.EpisodeLength.sum": {
            "value": 7992.0,
            "min": 7992.0,
            "max": 15984.0,
            "count": 131
        },
        "Hummingbird.Environment.CumulativeReward.mean": {
            "value": 29.95608915388584,
            "min": -1.1875,
            "max": 34.91673681046814,
            "count": 131
        },
        "Hummingbird.Environment.CumulativeReward.sum": {
            "value": 239.64871323108673,
            "min": -15.001232147216797,
            "max": 426.2229924798012,
            "count": 131
        },
        "Hummingbird.Policy.ExtrinsicReward.mean": {
            "value": 29.95608915388584,
            "min": -1.1875,
            "max": 34.91673681046814,
            "count": 131
        },
        "Hummingbird.Policy.ExtrinsicReward.sum": {
            "value": 239.64871323108673,
            "min": -15.001232147216797,
            "max": 426.2229924798012,
            "count": 131
        },
        "Hummingbird.IsTraining.mean": {
            "value": 1.0,
            "min": 1.0,
            "max": 1.0,
            "count": 131
        },
        "Hummingbird.IsTraining.sum": {
            "value": 1.0,
            "min": 1.0,
            "max": 1.0,
            "count": 131
        },
        "Hummingbird.Losses.PolicyLoss.mean": {
            "value": 0.016029375274471628,
            "min": 0.012675837690282302,
            "max": 0.022218174976296724,
            "count": 62
        },
        "Hummingbird.Losses.PolicyLoss.sum": {
            "value": 0.016029375274471628,
            "min": 0.012675837690282302,
            "max": 0.022218174976296724,
            "count": 62
        },
        "Hummingbird.Losses.ValueLoss.mean": {
            "value": 0.29971694151560463,
            "min": 1.5241339921582646e-05,
            "max": 0.302912500500679,
            "count": 62
        },
        "Hummingbird.Losses.ValueLoss.sum": {
            "value": 0.29971694151560463,
            "min": 1.5241339921582646e-05,
            "max": 0.302912500500679,
            "count": 62
        },
        "Hummingbird.Policy.LearningRate.mean": {
            "value": 0.00022187138604288004,
            "min": 0.00022187138604288004,
            "max": 0.0002987328004223999,
            "count": 62
        },
        "Hummingbird.Policy.LearningRate.sum": {
            "value": 0.00022187138604288004,
            "min": 0.00022187138604288004,
            "max": 0.0002987328004223999,
            "count": 62
        },
        "Hummingbird.Policy.Epsilon.mean": {
            "value": 0.17395711999999997,
            "min": 0.17395711999999997,
            "max": 0.19957759999999994,
            "count": 62
        },
        "Hummingbird.Policy.Epsilon.sum": {
            "value": 0.17395711999999997,
            "min": 0.17395711999999997,
            "max": 0.19957759999999994,
            "count": 62
        },
        "Hummingbird.Policy.Beta.mean": {
            "value": 0.0037004602880000006,
            "min": 0.0037004602880000006,
            "max": 0.004978922239999999,
            "count": 62
        },
        "Hummingbird.Policy.Beta.sum": {
            "value": 0.0037004602880000006,
            "min": 0.0037004602880000006,
            "max": 0.004978922239999999,
            "count": 62
        }
    },
    "metadata": {
        "timer_format_version": "0.1.0",
        "start_time_seconds": "1641127959",
        "python_version": "3.7.11 (default, Jul 27 2021, 09:42:29) [MSC v.1916 64 bit (AMD64)]",
        "command_line_arguments": "f:\\Users\\Rollo\\anaconda3\\envs\\ml-agents-1.0\\Scripts\\mlagents-learn ./new_trainer_config.yaml --run-id hb_01",
        "mlagents_version": "0.27.0",
        "mlagents_envs_version": "0.27.0",
        "communication_protocol_version": "1.5.0",
        "pytorch_version": "1.10.1",
        "numpy_version": "1.21.2",
        "end_time_seconds": "1641133748"
    },
    "total": 5787.1324145,
    "count": 1,
    "self": 0.014906499999597145,
    "children": {
        "run_training.setup": {
            "total": 0.0879551999999999,
            "count": 1,
            "self": 0.0879551999999999
        },
        "TrainerController.start_learning": {
            "total": 5787.029552800001,
            "count": 1,
            "self": 3.5838805000048524,
            "children": {
                "TrainerController._reset_env": {
                    "total": 9.9812717,
                    "count": 1,
                    "self": 9.9812717
                },
                "TrainerController.advance": {
                    "total": 5773.243455399995,
                    "count": 164004,
                    "self": 4.040415100115752,
                    "children": {
                        "env_step": {
                            "total": 5321.990995399915,
                            "count": 164004,
                            "self": 4365.954268300305,
                            "children": {
                                "SubprocessEnvManager._take_step": {
                                    "total": 953.6749156997893,
                                    "count": 164004,
                                    "self": 12.120549000004189,
                                    "children": {
                                        "TorchPolicy.evaluate": {
                                            "total": 941.5543666997851,
                                            "count": 164004,
                                            "self": 556.0883959996921,
                                            "children": {
                                                "TorchPolicy.sample_actions": {
                                                    "total": 385.46597070009295,
                                                    "count": 164004,
                                                    "self": 385.46597070009295
                                                }
                                            }
                                        }
                                    }
                                },
                                "workers": {
                                    "total": 2.3618113998207377,
                                    "count": 164003,
                                    "self": 0.0,
                                    "children": {
                                        "worker_root": {
                                            "total": 5773.224241600146,
                                            "count": 164003,