{
    "name": "root",
    "metadata": {
        "timer_format_version": "0.1.0",
        "start_time_seconds": "1641295184",
        "python_version": "3.7.11 (default, Jul 27 2021, 09:42:29) [MSC v.1916 64 bit (AMD64)]",
        "command_line_arguments": "E:\\anakonda\\envs\\ml-agents-1.0.8\\Scripts\\mlagents-learn ./new_trainer_config.yaml --run-id KM_18",
        "mlagents_version": "0.20.0",
        "mlagents_envs_version": "0.20.0",
        "communication_protocol_version": "1.1.0",
        "tensorflow_version": "2.7.0",
        "numpy_version": "1.18.5",
        "end_time_seconds": "1641295263"
    },
    "total": 79.5929341,
    "count": 1,
    "self": 0.011887200000003872,
    "children": {
        "run_training.setup": {
            "total": 0.06729200000000013,
            "count": 1,
            "self": 0.06729200000000013
        },
        "TrainerController.start_learning": {
            "total": 79.5137549,
            "count": 1,
            "self": 0.15116189999955054,
            "children": {
                "TrainerController._reset_env": {
                    "total": 27.3903874,
                    "count": 1,
                    "self": 18.221813100000002,
                    "children": {
                        "demo_to_buffer": {
                            "total": 9.1685743,
                            "count": 2,
                            "self": 0.02241839999999584,
                            "children": {
                                "load_demonstration": {
                                    "total": 0.10784149999999926,
                                    "count": 2,
                                    "self": 0.09692400000000134,
                                    "children": {
                                        "read_file": {
                                            "total": 0.010917499999997915,
                                            "count": 2,
                                            "self": 0.010917499999997915
                                        }
                                    }
                                },
                                "make_demo_buffer": {
                                    "total": 9.038314400000004,
                                    "count": 2,
                                    "self": 1.3281506000003631,
                                    "children": {
                                        "steps_from_proto": {
                                            "total": 7.710163799999641,
                                            "count": 34444,
                                            "self": 2.1647167999996846,
                                            "children": {
                                                "_process_vector_observation": {
                                                    "total": 5.545446999999957,
                                                    "count": 206664,
                                                    "self": 5.545446999999957
                                                }
                                            }
                                        }
                                    }
                                }
                            }
                        }
                    }
                },
                "TrainerController.advance": {
                    "total": 50.63434720000044,
                    "count": 4907,
                    "self": 0.0737834000000106,
                    "children": {
                        "env_step": {
                            "total": 50.56056380000043,
                            "count": 4907,
                            "self": 47.102199500000424,
                            "children": {
                                "SubprocessEnvManager._take_step": {
                                    "total": 3.3907627000001668,
                                    "count": 4907,
                                    "self": 0.1270750000002714,
                                    "children": {
                                        "TFPolicy.evaluate": {
                                            "total": 3.2636876999998954,
                                            "count": 4907,
                                            "self": 3.2636876999998954
                                        }
                                    }
                                },
                                "workers": {
                                    "total": 0.06760159999983628,
                                    "count": 4906,
                                    "self": 0.0,
                                    "children": {
                                        "worker_root": {
                                            "total": 61.48423419999998,
                                            "count": 4906,
                                            "is_parallel": true,
                                            "self": 19.09045850000009,
                                            "children": {
                                                "steps_from_proto": {
                                                    "total": 0.00038420000000272125,
                                                    "count": 1,
                                                    "is_parallel": true,
                                                    "self": 8.97000000001924e-05,
                                                    "children": {
                                                        "_process_vector_observation": {
                                                            "total": 0.00029450000000252885,
                                                            "count": 6,
                                                            "is_parallel": true,
                                                            "self": 0.00029450000000252885
                                                        }
                                                    }
                                                },
                                                "UnityEnvironment.step": {
                                                    "total": 42.39339149999989,
                                                    "count": 4906,
                                                    "is_parallel": true,
                                                    "self": 0.5156133000003109,
                                                    "children": {
                                                        "UnityEnvironment._generate_step_input": {
                                                            "total": 0.30491539999989214,
                                                            "count": 4906,
                                                            "is_parallel": true,
                                                            "self": 0.30491539999989214
                                                        },
                                                        "communicator.exchange": {
                                                            "total": 39.71925609999986,
                                                            "count": 4906,
                                                            "is_parallel": true,
                                                            "self": 39.71925609999986
                                                        },
                                                        "steps_from_proto": {
                                                            "total": 1.8536066999998262,
                                                            "count": 4906,
                                                            "is_parallel": true,
                                                            "self": 0.5225722999993856,