{
    "name": "root",
    "metadata": {
        "timer_format_version": "0.1.0",
        "start_time_seconds": "1641294804",
        "python_version": "3.7.11 (default, Jul 27 2021, 09:42:29) [MSC v.1916 64 bit (AMD64)]",
        "command_line_arguments": "E:\\anakonda\\envs\\ml-agents-1.0.8\\Scripts\\mlagents-learn ./new_trainer_config.yaml --run-id KM_16",
        "mlagents_version": "0.20.0",
        "mlagents_envs_version": "0.20.0",
        "communication_protocol_version": "1.1.0",
        "tensorflow_version": "2.7.0",
        "numpy_version": "1.18.5",
        "end_time_seconds": "1641294855"
    },
    "total": 51.1197171,
    "count": 1,
    "self": 0.010886800000001529,
    "children": {
        "run_training.setup": {
            "total": 0.06056650000000019,
            "count": 1,
            "self": 0.06056650000000019
        },
        "TrainerController.start_learning": {
            "total": 51.0482638,
            "count": 1,
            "self": 0.08284690000014194,
            "children": {
                "TrainerController._reset_env": {
                    "total": 24.1817583,
                    "count": 1,
                    "self": 15.1513639,
                    "children": {
                        "demo_to_buffer": {
                            "total": 9.030394399999999,
                            "count": 2,
                            "self": 0.023271199999996384,
                            "children": {
                                "load_demonstration": {
                                    "total": 0.11309010000000086,
                                    "count": 2,
                                    "self": 0.10212930000000142,
                                    "children": {
                                        "read_file": {
                                            "total": 0.010960799999999438,
                                            "count": 2,
                                            "self": 0.010960799999999438
                                        }
                                    }
                                },
                                "make_demo_buffer": {
                                    "total": 8.894033100000001,
                                    "count": 2,
                                    "self": 1.3097213999996171,
                                    "children": {
                                        "steps_from_proto": {
                                            "total": 7.584311700000384,
                                            "count": 34444,
                                            "self": 2.0811822000002635,
                                            "children": {
                                                "_process_vector_observation": {
                                                    "total": 5.503129500000121,
                                                    "count": 206664,
                                                    "self": 5.503129500000121
                                                }
                                            }
                                        }
                                    }
                                }
                            }
                        }
                    }
                },
                "TrainerController.advance": {
                    "total": 25.361821199999863,
                    "count": 2641,
                    "self": 0.035027600000031356,
                    "children": {
                        "env_step": {
                            "total": 25.32679359999983,
                            "count": 2641,
                            "self": 23.654654699999963,
                            "children": {
                                "SubprocessEnvManager._take_step": {
                                    "total": 1.6388784999998336,
                                    "count": 2641,
                                    "self": 0.06087429999984195,
                                    "children": {
                                        "TFPolicy.evaluate": {
                                            "total": 1.5780041999999916,
                                            "count": 2641,
                                            "self": 1.5780041999999916
                                        }
                                    }
                                },
                                "workers": {
                                    "total": 0.03326040000003516,
                                    "count": 2640,
                                    "self": 0.0,
                                    "children": {
                                        "worker_root": {
                                            "total": 36.28445599999977,
                                            "count": 2640,
                                            "is_parallel": true,
                                            "self": 14.934586299999715,
                                            "children": {
                                                "steps_from_proto": {
                                                    "total": 0.00037589999999987356,
                                                    "count": 1,
                                                    "is_parallel": true,
                                                    "self": 8.789999999869735e-05,
                                                    "children": {
                                                        "_process_vector_observation": {
                                                            "total": 0.0002880000000011762,
                                                            "count": 6,
                                                            "is_parallel": true,
                                                            "self": 0.0002880000000011762
                                                        }
                                                    }
                                                },
                                                "UnityEnvironment.step": {
                                                    "total": 21.349493800000054,
                                                    "count": 2640,
                                                    "is_parallel": true,
                                                    "self": 0.2423940000004734,
                                                    "children": {
                                                        "UnityEnvironment._generate_step_input": {
                                                            "total": 0.1378574999998925,
                                                            "count": 2640,
                                                            "is_parallel": true,
                                                            "self": 0.1378574999998925
                                                        },
                                                        "communicator.exchange": {
                                                            "total": 20.076266599999784,
                                                            "count": 2640,
                                                            "is_parallel": true,
                                                            "self": 20.076266599999784
                                                        },
                                                        "steps_from_proto": {
                                                            "total": 0.892975699999905,
                                                            "count": 2640,
                                                            "is_parallel": true,
                                                            "self": 0.24980669999931138,