{
    "name": "root",
    "gauges": {
        "Enemy.Policy.Entropy.mean": {
            "value": 1.4175819158554077,
            "min": 1.4175819158554077,
            "max": 1.4189382791519165,
            "count": 5
        },
        "Enemy.Policy.ExtrinsicValueEstimate.mean": {
            "value": 0.2769218385219574,
            "min": 0.24136142432689667,
            "max": 0.30934515595436096,
            "count": 5
        },
        "Enemy.Environment.EpisodeLength.mean": {
            "value": 399.0,
            "min": 399.0,
            "max": 399.0,
            "count": 5
        },
        "Enemy.Environment.CumulativeReward.mean": {
            "value": -0.9443999770283699,
            "min": -0.9443999770283699,
            "max": -0.7779999613016844,
            "count": 5
        },
        "Enemy.Policy.ExtrinsicReward.mean": {
            "value": -0.9443999770283699,
            "min": -0.9443999770283699,
            "max": -0.7779999613016844,
            "count": 5
        },
        "Enemy.IsTraining.mean": {
            "value": 1.0,
            "min": 1.0,
            "max": 1.0,
            "count": 5
        },
        "Enemy.Losses.ValueLoss.mean": {
            "value": 0.0027175324503332376,
            "min": 0.0027175324503332376,
            "max": 0.007666655350476503,
            "count": 2
        },
        "Enemy.Losses.PolicyLoss.mean": {
            "value": 0.017877938225865364,
            "min": 0.017877938225865364,
            "max": 0.020475076511502266,
            "count": 2
        },
        "Enemy.Policy.LearningRate.mean": {
            "value": 0.0002975366951432079,
            "min": 0.0002975366951432079,
            "max": 0.0002987683401443064,
            "count": 2
        },
        "Enemy.Policy.Epsilon.mean": {
            "value": 0.19917884469032288,
            "min": 0.19917884469032288,
            "max": 0.19958940148353577,
            "count": 2
        },
        "Enemy.Policy.Beta.mean": {
            "value": 0.004959026351571083,
            "min": 0.004959026351571083,
            "max": 0.004979511722922325,
            "count": 2
        }
    },
    "metadata": {
        "timer_format_version": "0.1.0",
        "start_time_seconds": "1641155663",
        "python_version": "3.7.11 (default, Jul 27 2021, 09:42:29) [MSC v.1916 64 bit (AMD64)]",
        "command_line_arguments": "f:\\Users\\Rollo\\anaconda3\\envs\\ml-agents-1.0.8\\Scripts\\mlagents-learn ./new_trainer_config.yaml --run-id enemy3",
        "mlagents_version": "0.20.0",
        "mlagents_envs_version": "0.20.0",
        "communication_protocol_version": "1.1.0",
        "tensorflow_version": "2.7.0",
        "numpy_version": "1.18.5",
        "end_time_seconds": "1641156121"
    },
    "total": 458.2825981,
    "count": 1,
    "self": 0.006112499999915144,
    "children": {
        "run_training.setup": {
            "total": 0.005700099999999875,
            "count": 1,
            "self": 0.005700099999999875
        },
        "TrainerController.start_learning": {
            "total": 458.27078550000004,
            "count": 1,
            "self": 1.5344177000073387,
            "children": {
                "TrainerController._reset_env": {
                    "total": 9.6557366,
                    "count": 1,
                    "self": 9.6557366
                },
                "TrainerController.advance": {
                    "total": 446.65589049999267,
                    "count": 59254,
                    "self": 0.7849857999923415,
                    "children": {
                        "env_step": {
                            "total": 445.8709047000003,
                            "count": 59254,
                            "self": 409.37713440001943,
                            "children": {
                                "SubprocessEnvManager._take_step": {
                                    "total": 35.746271099987084,
                                    "count": 59254,
                                    "self": 1.3227412999881096,
                                    "children": {
                                        "TFPolicy.evaluate": {
                                            "total": 34.423529799998974,
                                            "count": 59254,
                                            "self": 34.423529799998974
                                        }
                                    }
                                },
                                "workers": {
                                    "total": 0.7474991999938325,
                                    "count": 59253,
                                    "self": 0.0,
                                    "children": {
                                        "worker_root": {
                                            "total": 447.644081899995,
                                            "count": 59253,
                                            "is_parallel": true,
                                            "self": 87.53911179999238,
                                            "children": {
                                                "steps_from_proto": {
                                                    "total": 0.00027829999999973154,
                                                    "count": 1,
                                                    "is_parallel": true,
                                                    "self": 8.120000000211292e-05,
                                                    "children": {
                                                        "_process_vector_observation": {
                                                            "total": 0.00019709999999761862,
                                                            "count": 4,
                                                            "is_parallel": true,
                                                            "self": 0.00019709999999761862
                                                        }
                                                    }
                                                },
                                                "UnityEnvironment.step": {
                                                    "total": 360.1046918000026,
                                                    "count": 59253,
                                                    "is_parallel": true,
                                                    "self": 5.06953960000601,
                                                    "children": {
                                                        "UnityEnvironment._generate_step_input": {
                                                            "total": 3.133700299997276,
                                                            "count": 59253,
                                                            "is_parallel": true,
                                                            "self": 3.133700299997276
                                                        },
                                                        "communicator.exchange": {
                                                            "total": 337.266366899999,
                                                            "count": 59253,
                                                            "is_parallel": true,
                                                            "self": 337.266366899999
                                                        },
                                                        "steps_from_proto": {
                                                            "total": 14.635085000000362,
                                                            "count": 59253,
                                                            "is_parallel": true,
                                                            "self": 5.046203799980292,