{
    "name": "root",
    "metadata": {
        "timer_format_version": "0.1.0",
        "start_time_seconds": "1641252293",
        "python_version": "3.7.11 (default, Jul 27 2021, 09:42:29) [MSC v.1916 64 bit (AMD64)]",
        "command_line_arguments": "E:\\anakonda\\envs\\ml-agents-1.0.8\\Scripts\\mlagents-learn ./new_trainer_config.yaml --run-id KM_10",
        "mlagents_version": "0.20.0",
        "mlagents_envs_version": "0.20.0",
        "communication_protocol_version": "1.1.0",
        "tensorflow_version": "2.7.0",
        "numpy_version": "1.18.5",
        "end_time_seconds": "1641252334"
    },
    "total": 40.241157,
    "count": 1,
    "self": 0.007543300000001807,
    "children": {
        "run_training.setup": {
            "total": 0.06812330000000033,
            "count": 1,
            "self": 0.06812330000000033
        },
        "TrainerController.start_learning": {
            "total": 40.165490399999996,
            "count": 1,
            "self": 0.06274309999988503,
            "children": {
                "TrainerController._reset_env": {
                    "total": 14.1774421,
                    "count": 1,
                    "self": 14.1774421
                },
                "TrainerController.advance": {
                    "total": 24.888330600000113,
                    "count": 2164,
                    "self": 0.0286257999999755,
                    "children": {
                        "env_step": {
                            "total": 24.859704800000138,
                            "count": 2164,
                            "self": 22.887294400000076,
                            "children": {
                                "SubprocessEnvManager._take_step": {
                                    "total": 1.9461268000001226,
                                    "count": 2164,
                                    "self": 0.04936690000010202,
                                    "children": {
                                        "TFPolicy.evaluate": {
                                            "total": 1.8967599000000206,
                                            "count": 2164,
                                            "self": 1.8967599000000206
                                        }
                                    }
                                },
                                "workers": {
                                    "total": 0.0262835999999389,
                                    "count": 2163,
                                    "self": 0.0,
                                    "children": {
                                        "worker_root": {
                                            "total": 26.705003600000087,
                                            "count": 2163,
                                            "is_parallel": true,
                                            "self": 5.716352700000076,
                                            "children": {
                                                "steps_from_proto": {
                                                    "total": 0.00045200000000100715,
                                                    "count": 1,
                                                    "is_parallel": true,
                                                    "self": 0.00016890000000202576,
                                                    "children": {
                                                        "_process_vector_observation": {
                                                            "total": 0.0002830999999989814,
                                                            "count": 6,
                                                            "is_parallel": true,
                                                            "self": 0.0002830999999989814
                                                        }
                                                    }
                                                },
                                                "UnityEnvironment.step": {
                                                    "total": 20.988198900000008,
                                                    "count": 2163,
                                                    "is_parallel": true,
                                                    "self": 0.19780770000005532,
                                                    "children": {
                                                        "UnityEnvironment._generate_step_input": {
                                                            "total": 0.11697089999991128,
                                                            "count": 2163,
                                                            "is_parallel": true,
                                                            "self": 0.11697089999991128
                                                        },
                                                        "communicator.exchange": {
                                                            "total": 19.81408909999996,
                                                            "count": 2163,
                                                            "is_parallel": true,
                                                            "self": 19.81408909999996
                                                        },
                                                        "steps_from_proto": {
                                                            "total": 0.8593312000000779,
                                                            "count": 2163,
                                                            "is_parallel": true,
                                                            "self": 0.34112770000033876,
                                                            "children": {
                                                                "_process_vector_observation": {
                                                                    "total": 0.5182034999997391,
                                                                    "count": 12978,
                                                                    "is_parallel": true,
                                                                    "self": 0.5182034999997391
                                                                }
                                                            }
                                                        }
                                                    }
                                                }
                                            }
                                        }
                                    }
                                }
                            }
                        }
                    }
                },
                "trainer_threads": {
                    "total": 2.099999999671809e-05,
                    "count": 1,
                    "self": 2.099999999671809e-05,
                    "children": {
                        "thread_root": {
                            "total": 0.0,
                            "count": 0,
                            "is_parallel": true,
                            "self": 0.0,
                            "children": {
                                "trainer_advance": {
                                    "total": 24.91848239999995,
                                    "count": 1598,
                                    "is_parallel": true,
                                    "self": 0.06962900000017314,
                                    "children": {
                                        "process_trajectory": {
                                            "total": 24.848853399999776,
                                            "count": 1598,
                                            "is_parallel": true,